[
  {
    "id": "6d80daed-c387-4c9f-96d0-fada68746f43",
    "data": [
      {
        "text": "você é ",
        "userDefined": false
      },
      {
        "text": "um",
        "userDefined": false
      },
      {
        "text": " ",
        "userDefined": false
      },
      {
        "text": "assistente",
        "userDefined": false
      },
      {
        "text": " virtual?",
        "userDefined": false
      }
    ],
    "isTemplate": false,
    "count": 0,
    "lang": "pt-br",
    "updated": 0
  },
  {
    "id": "c2815114-6825-4145-a940-b6f845861052",
    "data": [
      {
        "text": "me diga quem é você?",
        "userDefined": false
      }
    ],
    "isTemplate": false,
    "count": 0,
    "lang": "pt-br",
    "updated": 0
  },
  {
    "id": "7a861d99-5bc4-4b4e-847c-815df59641a5",
    "data": [
      {
        "text": "qual seu nome?",
        "userDefined": false
      }
    ],
    "isTemplate": false,
    "count": 0,
    "lang": "pt-br",
    "updated": 0
  },
  {
    "id": "9e0dad26-e937-4aa2-9ec9-b91fac15fe02",
    "data": [
      {
        "text": "Quem é você",
        "userDefined": false
      }
    ],
    "isTemplate": false,
    "count": 0,
    "lang": "pt-br",
    "updated": 0
  },
  {
    "id": "cf744393-2ab5-4b4c-818b-2f00bab6f4b8",
    "data": [
      {
        "text": "Você é ",
        "userDefined": false
      },
      {
        "text": "um",
        "userDefined": false
      },
      {
        "text": " humano?",
        "userDefined": false
      }
    ],
    "isTemplate": false,
    "count": 0,
    "lang": "pt-br",
    "updated": 0
  },
  {
    "id": "7f98a9c3-5d3f-4261-9f56-2a1fdc0b1fd5",
    "data": [
      {
        "text": "Você é ",
        "userDefined": false
      },
      {
        "text": "um",
        "userDefined": false
      },
      {
        "text": " robô?",
        "userDefined": false
      }
    ],
    "isTemplate": false,
    "count": 0,
    "lang": "pt-br",
    "updated": 0
  },
  {
    "id": "5c8c4303-132d-4e52-ae9a-c7a53c8ca553",
    "data": [
      {
        "text": "Você tem nome?",
        "userDefined": false
      }
    ],
    "isTemplate": false,
    "count": 0,
    "lang": "pt-br",
    "updated": 0
  },
  {
    "id": "eca358a6-0a97-41d0-a6b3-7d2ed68be851",
    "data": [
      {
        "text": "Como",
        "userDefined": false
      },
      {
        "text": " você chama?",
        "userDefined": false
      }
    ],
    "isTemplate": false,
    "count": 0,
    "lang": "pt-br",
    "updated": 0
  }
]