[
  {
    "id": "283b114f-7f37-4f68-a8e3-d9cde1f415ef",
    "data": [
      {
        "text": "o ",
        "userDefined": false
      },
      {
        "text": "palmeira",
        "userDefined": false
      },
      {
        "text": " tem ",
        "userDefined": false
      },
      {
        "text": "mundial",
        "userDefined": false
      },
      {
        "text": " da ",
        "userDefined": false
      },
      {
        "text": "fifa",
        "userDefined": false
      },
      {
        "text": "?",
        "userDefined": false
      }
    ],
    "isTemplate": false,
    "count": 0,
    "lang": "pt-br",
    "updated": 0
  },
  {
    "id": "793f8d8d-781e-4cbb-ae51-5c76a9acf086",
    "data": [
      {
        "text": "qual mundial o ",
        "userDefined": false
      },
      {
        "text": "palmeiras",
        "userDefined": false
      },
      {
        "text": " já ganhou?",
        "userDefined": false
      }
    ],
    "isTemplate": false,
    "count": 0,
    "lang": "pt-br",
    "updated": 0
  },
  {
    "id": "c8f00463-3f91-4ee7-87f1-4cb9d7d189a6",
    "data": [
      {
        "text": "em que ",
        "userDefined": false
      },
      {
        "text": "ano",
        "userDefined": false
      },
      {
        "text": " o ",
        "userDefined": false
      },
      {
        "text": "palmeiras",
        "userDefined": false
      },
      {
        "text": " foi campeão mundial?",
        "userDefined": false
      }
    ],
    "isTemplate": false,
    "count": 0,
    "lang": "pt-br",
    "updated": 0
  },
  {
    "id": "6446ea55-3c1d-42ad-8810-8e2c2151c640",
    "data": [
      {
        "text": "O ",
        "userDefined": false
      },
      {
        "text": "Palmeiras",
        "userDefined": false
      },
      {
        "text": " ganhou algum titulo ",
        "userDefined": false
      },
      {
        "text": "mundial",
        "userDefined": false
      },
      {
        "text": "?",
        "userDefined": false
      }
    ],
    "isTemplate": false,
    "count": 0,
    "lang": "pt-br",
    "updated": 0
  },
  {
    "id": "55bf5a68-3d58-4b51-83f0-e1cf974584b5",
    "data": [
      {
        "text": "O ",
        "userDefined": false
      },
      {
        "text": "Palmeiras",
        "userDefined": false
      },
      {
        "text": " tem mundial?",
        "userDefined": false
      }
    ],
    "isTemplate": false,
    "count": 0,
    "lang": "pt-br",
    "updated": 0
  }
]