[
  {
    "id": "9d858cc1-ea3b-4eae-aea2-1c11cf8f1c91",
    "data": [
      {
        "text": "quem está cadastrado no banco de dados?",
        "userDefined": false
      }
    ],
    "isTemplate": false,
    "count": 0,
    "lang": "pt-br",
    "updated": 0
  },
  {
    "id": "4a202347-5e40-44bd-a24f-b5070a5bfe5c",
    "data": [
      {
        "text": "quem são os usuários cadastrados?",
        "userDefined": false
      }
    ],
    "isTemplate": false,
    "count": 0,
    "lang": "pt-br",
    "updated": 0
  },
  {
    "id": "3a8b3834-5235-4fe7-8352-78866acfc3c2",
    "data": [
      {
        "text": "quem está cadastrado no sistema?",
        "userDefined": false
      }
    ],
    "isTemplate": false,
    "count": 0,
    "lang": "pt-br",
    "updated": 0
  },
  {
    "id": "25270d76-1379-4e3c-b3cd-276dcb0e4525",
    "data": [
      {
        "text": "fale",
        "userDefined": false
      },
      {
        "text": " dos usuários cadastrados no sistema",
        "userDefined": false
      }
    ],
    "isTemplate": false,
    "count": 0,
    "lang": "pt-br",
    "updated": 0
  },
  {
    "id": "c115368d-3644-4764-be9a-fc771c70c197",
    "data": [
      {
        "text": "usuário no banco de dados",
        "userDefined": false
      }
    ],
    "isTemplate": false,
    "count": 0,
    "lang": "pt-br",
    "updated": 0
  },
  {
    "id": "7750aa30-8c73-4923-9611-6ed2c8111508",
    "data": [
      {
        "text": "fala quem são os usuário ",
        "userDefined": false
      },
      {
        "text": "do",
        "userDefined": false
      },
      {
        "text": " banco de dados",
        "userDefined": false
      }
    ],
    "isTemplate": false,
    "count": 0,
    "lang": "pt-br",
    "updated": 0
  },
  {
    "id": "17f824a0-3096-496a-9f7d-85e17b04f2d6",
    "data": [
      {
        "text": "diga quem sao os usuario",
        "userDefined": false
      }
    ],
    "isTemplate": false,
    "count": 0,
    "lang": "pt-br",
    "updated": 0
  },
  {
    "id": "db7d4c51-e74d-4152-a22f-fc185716e74e",
    "data": [
      {
        "text": "quem são os usuário",
        "userDefined": false
      }
    ],
    "isTemplate": false,
    "count": 0,
    "lang": "pt-br",
    "updated": 0
  }
]