[
  {
    "id": "f793151b-7db9-4915-b91f-1c7a5b5d3a65",
    "data": [
      {
        "text": "Como instalar?",
        "userDefined": false
      }
    ],
    "isTemplate": false,
    "count": 0,
    "lang": "pt-br",
    "updated": 0
  },
  {
    "id": "b87d8789-13fd-41ba-8904-0ac03045178f",
    "data": [
      {
        "text": "Onde exatamente devo abrir o chatbot?",
        "userDefined": false
      }
    ],
    "isTemplate": false,
    "count": 0,
    "lang": "pt-br",
    "updated": 0
  },
  {
    "id": "8268302d-ccbd-4cdb-9741-3f01d4ba234f",
    "data": [
      {
        "text": "É necessário baixar algum aplicativo ",
        "userDefined": false
      },
      {
        "text": "para",
        "userDefined": false
      },
      {
        "text": " usar o chatbot?",
        "userDefined": false
      }
    ],
    "isTemplate": false,
    "count": 0,
    "lang": "pt-br",
    "updated": 0
  },
  {
    "id": "42a060b3-4cab-47dd-a023-9839af912306",
    "data": [
      {
        "text": "Preciso ",
        "userDefined": false
      },
      {
        "text": "de um dispositivo específico para interagir com",
        "userDefined": false
      },
      {
        "text": " o chatbot?",
        "userDefined": false
      }
    ],
    "isTemplate": false,
    "count": 0,
    "lang": "pt-br",
    "updated": 0
  },
  {
    "id": "6075253f-ed21-4421-9b47-a9c0cbbd7731",
    "data": [
      {
        "text": "Em que tipos de dispositivos posso utilizar o chatbot?",
        "userDefined": false
      }
    ],
    "isTemplate": false,
    "count": 0,
    "lang": "pt-br",
    "updated": 0
  },
  {
    "id": "bab43280-4d9d-4972-9da0-341d50a1d510",
    "data": [
      {
        "text": "Como posso acessar o chatbot?",
        "userDefined": false
      }
    ],
    "isTemplate": false,
    "count": 0,
    "lang": "pt-br",
    "updated": 0
  },
  {
    "id": "6ca85191-5793-4957-a06e-ea91b7edca26",
    "data": [
      {
        "text": "Baixa no celular?",
        "userDefined": false
      }
    ],
    "isTemplate": false,
    "count": 0,
    "lang": "pt-br",
    "updated": 0
  },
  {
    "id": "8063507e-7ba1-4eaf-9bdc-91fc6ef3a370",
    "data": [
      {
        "text": "Tem ",
        "userDefined": false
      },
      {
        "text": "para",
        "userDefined": false
      },
      {
        "text": " android?",
        "userDefined": false
      }
    ],
    "isTemplate": false,
    "count": 0,
    "lang": "pt-br",
    "updated": 0
  },
  {
    "id": "69a3a100-6cd6-4ca8-aa4e-63a2bf77f526",
    "data": [
      {
        "text": "É ",
        "userDefined": false
      },
      {
        "text": "um",
        "userDefined": false
      },
      {
        "text": " sistema?",
        "userDefined": false
      }
    ],
    "isTemplate": false,
    "count": 0,
    "lang": "pt-br",
    "updated": 0
  },
  {
    "id": "7212582f-d27c-45f6-a9f3-4758480f2cca",
    "data": [
      {
        "text": "Tem ",
        "userDefined": false
      },
      {
        "text": "para",
        "userDefined": false
      },
      {
        "text": " Iphone?",
        "userDefined": false
      }
    ],
    "isTemplate": false,
    "count": 0,
    "lang": "pt-br",
    "updated": 0
  },
  {
    "data": [
      {
        "text": "como instalo o ",
        "userDefined": false
      },
      {
        "text": "rob",
        "meta": "@sys.person",
        "alias": "person",
        "userDefined": false
      },
      {
        "text": " no meu celular?",
        "userDefined": false
      }
    ],
    "isTemplate": false,
    "count": 1,
    "lang": "pt-br",
    "updated": 0
  }
]