[
  {
    "id": "4d3a0e3b-0167-461b-b130-3dc2530bd6ef",
    "data": [
      {
        "text": "Em que tipos de tecnologias ou setores podemos encontrar o uso de orquestradores?",
        "userDefined": false
      }
    ],
    "isTemplate": false,
    "count": 0,
    "lang": "pt-br",
    "updated": 0
  },
  {
    "id": "5f466451-c33f-42ba-8060-b10f154ef69e",
    "data": [
      {
        "text": "Qual é a relação entre ",
        "userDefined": false
      },
      {
        "text": "um",
        "userDefined": false
      },
      {
        "text": " orquestrador e ",
        "userDefined": false
      },
      {
        "text": "a automação",
        "userDefined": false
      },
      {
        "text": " de tarefas?",
        "userDefined": false
      }
    ],
    "isTemplate": false,
    "count": 0,
    "lang": "pt-br",
    "updated": 0
  },
  {
    "id": "75e528b0-24d2-4e95-8d15-7d339662c4a8",
    "data": [
      {
        "text": "Como ",
        "userDefined": false
      },
      {
        "text": "um",
        "userDefined": false
      },
      {
        "text": " orquestrador contribui ",
        "userDefined": false
      },
      {
        "text": "para",
        "userDefined": false
      },
      {
        "text": " a otimização de processos?",
        "userDefined": false
      }
    ],
    "isTemplate": false,
    "count": 0,
    "lang": "pt-br",
    "updated": 0
  },
  {
    "id": "b64ac907-5580-43cf-8535-75fedf2f0d2c",
    "data": [
      {
        "text": "Um",
        "userDefined": false
      },
      {
        "text": " orquestrador é ",
        "userDefined": false
      },
      {
        "text": "uma",
        "userDefined": false
      },
      {
        "text": " parte essencial em sistemas complexos?",
        "userDefined": false
      }
    ],
    "isTemplate": false,
    "count": 0,
    "lang": "pt-br",
    "updated": 0
  },
  {
    "id": "84478241-c7a4-4ec1-b298-781a36d18abc",
    "data": [
      {
        "text": "Quais são os benefícios de ter ",
        "userDefined": false
      },
      {
        "text": "um",
        "userDefined": false
      },
      {
        "text": " orquestrador em ",
        "userDefined": false
      },
      {
        "text": "um",
        "userDefined": false
      },
      {
        "text": " sistema?",
        "userDefined": false
      }
    ],
    "isTemplate": false,
    "count": 0,
    "lang": "pt-br",
    "updated": 0
  },
  {
    "id": "7516d9d8-ce5a-44dd-acb4-6aebba6d9d10",
    "data": [
      {
        "text": "De que forma um orquestrador interage com",
        "userDefined": false
      },
      {
        "text": " outros componentes?",
        "userDefined": false
      }
    ],
    "isTemplate": false,
    "count": 0,
    "lang": "pt-br",
    "updated": 0
  },
  {
    "id": "c2170ac2-25f2-4587-8b4c-453aa6eb0df4",
    "data": [
      {
        "text": "Quais são os cenários em que ",
        "userDefined": false
      },
      {
        "text": "um",
        "userDefined": false
      },
      {
        "text": " orquestrador é utilizado?",
        "userDefined": false
      }
    ],
    "isTemplate": false,
    "count": 0,
    "lang": "pt-br",
    "updated": 0
  },
  {
    "id": "b56ddef1-5f36-4168-bc7b-213952749bfe",
    "data": [
      {
        "text": "Como ",
        "userDefined": false
      },
      {
        "text": "um",
        "userDefined": false
      },
      {
        "text": " orquestrador se diferencia de outros tipos de sistemas?",
        "userDefined": false
      }
    ],
    "isTemplate": false,
    "count": 0,
    "lang": "pt-br",
    "updated": 0
  },
  {
    "id": "74143595-fadd-43c1-a224-ee45426855ce",
    "data": [
      {
        "text": "Qual é a função principal de ",
        "userDefined": false
      },
      {
        "text": "um",
        "userDefined": false
      },
      {
        "text": " orquestrador?",
        "userDefined": false
      }
    ],
    "isTemplate": false,
    "count": 0,
    "lang": "pt-br",
    "updated": 0
  },
  {
    "id": "5b8ebb65-3d10-4be3-a7fd-a5f813d6641b",
    "data": [
      {
        "text": "O que exatamente significa ser ",
        "userDefined": false
      },
      {
        "text": "um",
        "userDefined": false
      },
      {
        "text": " orquestrador?",
        "userDefined": false
      }
    ],
    "isTemplate": false,
    "count": 0,
    "lang": "pt-br",
    "updated": 0
  },
  {
    "id": "620fa3d4-930a-44b0-b48f-f08ecebc5a67",
    "data": [
      {
        "text": "Como o ",
        "userDefined": false
      },
      {
        "text": "Rob",
        "userDefined": false
      },
      {
        "text": " Funciona?",
        "userDefined": false
      }
    ],
    "isTemplate": false,
    "count": 0,
    "lang": "pt-br",
    "updated": 0
  }
]