[
  {
    "data": [
      {
        "text": "que ",
        "userDefined": false
      },
      {
        "text": "empresa",
        "userDefined": false
      },
      {
        "text": " usa?",
        "userDefined": false
      }
    ],
    "isTemplate": false,
    "count": 0,
    "lang": "pt-br",
    "updated": 0
  },
  {
    "data": [
      {
        "text": "que ",
        "userDefined": false
      },
      {
        "text": "empresa",
        "meta": "@sys.location",
        "alias": "location",
        "userDefined": false
      },
      {
        "text": " usa?",
        "userDefined": false
      }
    ],
    "isTemplate": false,
    "count": 0,
    "lang": "pt-br",
    "updated": 0
  }
]