[
  {
    "id": "a4adafda-e5f5-453b-bea2-6d0f5f690110",
    "data": [
      {
        "text": "quais ",
        "userDefined": false
      },
      {
        "text": "veículos",
        "userDefined": false
      },
      {
        "text": " estão cadastrados?",
        "userDefined": false
      }
    ],
    "isTemplate": false,
    "count": 0,
    "lang": "pt-br",
    "updated": 0
  },
  {
    "id": "616d4202-31dc-4f1c-bcbf-a476555dd643",
    "data": [
      {
        "text": "me responda sobre o veículo cadastrado",
        "userDefined": false
      }
    ],
    "isTemplate": false,
    "count": 0,
    "lang": "pt-br",
    "updated": 0
  },
  {
    "id": "abe29e38-a362-4b57-b57f-7ebb22f75b0c",
    "data": [
      {
        "text": "me diga quais ",
        "userDefined": false
      },
      {
        "text": "carros",
        "userDefined": false
      },
      {
        "text": " estão cadastrados",
        "userDefined": false
      }
    ],
    "isTemplate": false,
    "count": 0,
    "lang": "pt-br",
    "updated": 0
  },
  {
    "id": "ebcf02e9-22a6-4108-96ed-c400cf38edcb",
    "data": [
      {
        "text": "quais ",
        "userDefined": false
      },
      {
        "text": "carros",
        "userDefined": false
      },
      {
        "text": " tenho no cadastro",
        "userDefined": false
      }
    ],
    "isTemplate": false,
    "count": 0,
    "lang": "pt-br",
    "updated": 0
  },
  {
    "id": "b7b3922d-7f93-4c1b-ab7e-e06dd2264fd5",
    "data": [
      {
        "text": "qual cor ",
        "userDefined": false
      },
      {
        "text": "do",
        "userDefined": false
      },
      {
        "text": " carro que foi cadastrado?",
        "userDefined": false
      }
    ],
    "isTemplate": false,
    "count": 0,
    "lang": "pt-br",
    "updated": 0
  },
  {
    "id": "24ef7cbc-b549-48f6-a508-832e64866063",
    "data": [
      {
        "text": "qual placa ",
        "userDefined": false
      },
      {
        "text": "do",
        "userDefined": false
      },
      {
        "text": " carro foi cadastrado?",
        "userDefined": false
      }
    ],
    "isTemplate": false,
    "count": 0,
    "lang": "pt-br",
    "updated": 0
  },
  {
    "id": "32a6393b-b0e7-4185-8291-2c9038ecaccc",
    "data": [
      {
        "text": "que carro foi cadastrado",
        "userDefined": false
      }
    ],
    "isTemplate": false,
    "count": 0,
    "lang": "pt-br",
    "updated": 0
  },
  {
    "id": "f43bf99d-e6c5-4f1f-a4d2-2824a91f0c59",
    "data": [
      {
        "text": "qual carro está cadastrado?",
        "userDefined": false
      }
    ],
    "isTemplate": false,
    "count": 0,
    "lang": "pt-br",
    "updated": 0
  }
]