[
  {
    "id": "7ef6f7c1-0226-401b-af3a-9890098c6295",
    "data": [
      {
        "text": "quero fazer ",
        "userDefined": false
      },
      {
        "text": "um",
        "userDefined": false
      },
      {
        "text": " depósito de ",
        "userDefined": false
      },
      {
        "text": "10",
        "meta": "@sys.number",
        "alias": "valor",
        "userDefined": false
      }
    ],
    "isTemplate": false,
    "count": 0,
    "lang": "pt-br",
    "updated": 0
  },
  {
    "id": "2e7b8b45-c0a0-4230-bd9f-c7bf655af12a",
    "data": [
      {
        "text": "quero enviar ",
        "userDefined": false
      },
      {
        "text": "uma",
        "userDefined": false
      },
      {
        "text": " ",
        "userDefined": false
      },
      {
        "text": "grana",
        "userDefined": false
      }
    ],
    "isTemplate": false,
    "count": 0,
    "lang": "pt-br",
    "updated": 0
  },
  {
    "id": "a86b473b-5759-42d8-a808-74d0ea074661",
    "data": [
      {
        "text": "quero guardar meu dinheiro",
        "userDefined": false
      }
    ],
    "isTemplate": false,
    "count": 0,
    "lang": "pt-br",
    "updated": 0
  },
  {
    "id": "272c3a26-dbb9-4d8d-8842-2944ff0bf652",
    "data": [
      {
        "text": "quero depositar",
        "userDefined": false
      }
    ],
    "isTemplate": false,
    "count": 0,
    "lang": "pt-br",
    "updated": 0
  },
  {
    "id": "4914a720-35fc-47da-a7b1-ad5758ec8370",
    "data": [
      {
        "text": "quero fazer ",
        "userDefined": false
      },
      {
        "text": "um",
        "userDefined": false
      },
      {
        "text": " depósito",
        "userDefined": false
      }
    ],
    "isTemplate": false,
    "count": 0,
    "lang": "pt-br",
    "updated": 0
  },
  {
    "id": "f3e369b6-5ab4-47a7-8ac3-c65ebae24cbd",
    "data": [
      {
        "text": "quero colocar ",
        "userDefined": false
      },
      {
        "text": "um",
        "userDefined": false
      },
      {
        "text": " dinheiro aí",
        "userDefined": false
      }
    ],
    "isTemplate": false,
    "count": 1,
    "lang": "pt-br",
    "updated": 0
  },
  {
    "id": "669ab1cd-04ff-418e-9dcf-dfaa7f0b9500",
    "data": [
      {
        "text": "quero fazer ",
        "userDefined": false
      },
      {
        "text": "um",
        "userDefined": false
      },
      {
        "text": " deposito",
        "userDefined": false
      }
    ],
    "isTemplate": false,
    "count": 0,
    "lang": "pt-br",
    "updated": 0
  }
]