[
  {
    "id": "c459ab7c-b60c-4bdb-8e11-4ff64f806d45",
    "data": [
      {
        "text": "Pode dizer seu nome?",
        "userDefined": false
      }
    ],
    "isTemplate": false,
    "count": 0,
    "lang": "pt-br",
    "updated": 0
  },
  {
    "id": "d8e9f286-c387-474d-8c39-7699989d52e0",
    "data": [
      {
        "text": "vc pode falar seu nome?",
        "userDefined": false
      }
    ],
    "isTemplate": false,
    "count": 0,
    "lang": "pt-br",
    "updated": 0
  },
  {
    "id": "ddbdd2b3-7e82-4ff3-b081-019a7fad4434",
    "data": [
      {
        "text": "vc tem nome?",
        "userDefined": false
      }
    ],
    "isTemplate": false,
    "count": 0,
    "lang": "pt-br",
    "updated": 0
  },
  {
    "id": "7de0854e-7038-46a7-9bc7-133343c9750b",
    "data": [
      {
        "text": "Como você se chama?",
        "userDefined": false
      }
    ],
    "isTemplate": false,
    "count": 0,
    "lang": "pt-br",
    "updated": 0
  },
  {
    "id": "e8bf8a5f-8c85-4883-8461-dd34a40db503",
    "data": [
      {
        "text": "Quem é você?",
        "userDefined": false
      }
    ],
    "isTemplate": false,
    "count": 0,
    "lang": "pt-br",
    "updated": 0
  },
  {
    "id": "6b8770a1-1f68-4405-9a6b-b9b5a3c7e0f1",
    "data": [
      {
        "text": "como te chamam?",
        "userDefined": false
      }
    ],
    "isTemplate": false,
    "count": 0,
    "lang": "pt-br",
    "updated": 0
  },
  {
    "id": "2908deb1-1615-4433-bcc3-88571d360634",
    "data": [
      {
        "text": "por que ",
        "userDefined": false
      },
      {
        "text": "seu nome é Rob?",
        "userDefined": false
      }
    ],
    "isTemplate": false,
    "count": 0,
    "lang": "pt-br",
    "updated": 0
  },
  {
    "id": "f620e4de-7dd3-49fb-b2a4-fcae4099d3f9",
    "data": [
      {
        "text": "Por você tem esse nome?",
        "userDefined": false
      }
    ],
    "isTemplate": false,
    "count": 4,
    "lang": "pt-br",
    "updated": 0
  },
  {
    "id": "76678d11-d396-449c-bc4e-5af23f0b1594",
    "data": [
      {
        "text": "qual seu nome?",
        "userDefined": false
      }
    ],
    "isTemplate": false,
    "count": 1,
    "lang": "pt-br",
    "updated": 0
  },
  {
    "data": [
      {
        "text": "que ",
        "userDefined": false
      },
      {
        "text": "empresa",
        "userDefined": false
      },
      {
        "text": " usa?",
        "userDefined": false
      }
    ],
    "isTemplate": false,
    "count": 0,
    "lang": "pt-br",
    "updated": 0
  }
]